ApplicantID,Gender,Age,MonthlyIncome,LoanAmount,CreditScore,EmploymentStatus,ExistingLoans,LoanTerm,PropertyArea,LoanApproved
1001,1,26,99045,740955,899.0,0,1,36,0,1
1002,0,26,131859,80257,680.0,0,4,48,1,1
1003,1,23,18471,457427,628.0,0,1,36,2,0
1004,1,27,135312,932421,778.0,0,3,48,0,1
1005,1,28,61850,972736,314.0,0,1,36,1,1
1006,0,35,69220,1035257,815.0,1,1,60,0,1
1007,1,49,108808,1151267,490.0,1,1,60,1,1
1008,1,53,68072,468829,467.0,0,1,12,1,1
1009,1,50,98820,588314,820.0,0,0,48,2,1
1010,0,59,38284,799450,436.0,0,4,12,2,0
1011,1,47,98369,1391628,453.0,2,3,24,1,0
1012,1,56,40122,593898,687.0,2,4,60,0,0
1013,1,49,145349,1276294,508.0,2,0,48,0,0
1014,1,58,85553,375329,571.0,2,0,12,2,0
1015,0,53,109788,908999,442.0,0,0,12,1,1
1016,1,57,77812,1277222,368.0,0,0,24,2,1
1017,0,47,22999,1091482,546.0,0,1,12,1,0
1018,0,53,37436,1320699,560.0,2,4,36,1,0
1019,0,24,57963,872614,378.0,0,2,60,2,1
1020,1,42,148168,968074,824.0,0,3,12,0,1
1021,0,22,123899,593576,629.0,1,0,12,2,1
1022,1,30,41201,915256,488.0,0,4,24,1,0
1023,0,25,20105,50917,394.0,0,0,36,2,0
1024,0,30,132666,1062544,307.0,1,0,12,0,1
1025,0,53,109848,901007,366.0,0,0,60,0,1
1026,0,58,17839,908950,795.0,0,0,60,1,1
1027,0,33,83920,827475,490.0,1,0,12,2,1
1028,0,51,58619,1137680,665.0,1,3,36,0,1
1029,0,56,57821,723422,820.0,2,4,60,2,1
1030,0,44,140736,329143,416.0,0,0,60,0,1
1031,1,35,32069,312091,566.0,0,0,36,1,0
1032,1,49,22531,453157,784.0,1,0,36,1,1
1033,0,28,82155,635457,808.0,0,0,12,2,1
1034,0,25,77424,1253118,597.0,0,1,48,1,1
1035,0,49,60603,1228320,463.0,1,1,24,0,1
1036,1,24,147503,109821,675.0,0,2,48,1,1
1037,0,32,107573,1316317,567.0,0,0,48,0,1
1038,1,22,118302,299265,848.0,0,2,60,0,1
1039,1,47,146234,487651,373.0,0,3,36,1,1
1040,1,51,34675,1496321,807.0,0,2,60,0,1
1041,1,56,88997,1312703,372.0,0,4,24,0,1
1042,1,56,22896,324336,607.0,1,1,12,2,0
1043,0,46,64733,1434822,498.0,2,1,24,2,0
1044,0,47,56800,253834,429.0,0,0,60,2,1
1045,0,25,111044,1185371,871.0,0,0,60,1,1
1046,0,40,20347,1263735,786.0,0,3,60,2,0
1047,0,31,148715,378821,450.0,0,3,60,0,1
1048,1,30,55785,709987,505.0,1,4,48,1,1
1049,0,58,33681,293877,478.0,1,0,12,1,0
1050,0,26,118864,1297874,496.0,1,0,48,1,1
1051,1,28,62299,970759,388.0,0,3,60,1,1
1052,0,43,32073,186285,733.0,0,3,36,0,1
1053,1,46,117304,1200988,482.0,0,3,48,0,1
1054,0,32,45682,166545,508.0,0,1,60,2,0
1055,1,46,139302,1320704,792.0,1,2,60,1,1
1056,0,33,130359,724533,429.0,2,2,12,2,0
1057,0,38,81707,835945,312.0,0,0,24,0,1
1058,1,45,80428,1468826,405.0,1,1,48,1,1
1059,1,53,65601,336663,674.0,0,3,48,0,1
1060,1,32,148611,831163,881.0,0,0,48,2,1
1061,1,56,126487,1479290,398.0,0,1,60,0,1
1062,1,24,43228,1044453,893.0,0,4,12,1,1
1063,1,25,137788,64995,886.0,0,1,60,1,1
1064,1,57,112239,73559,491.0,1,0,60,2,1
1065,1,28,41928,571244,624.0,2,2,36,1,0
1066,0,48,33322,1449769,766.0,0,3,12,0,0
1067,0,51,102896,448237,666.0,0,4,48,0,1
1068,1,29,77292,672288,617.0,2,1,24,0,0
1069,0,49,44055,494755,443.0,1,0,48,0,0
1070,0,34,57891,538051,683.0,1,0,60,2,1
1071,0,42,96912,875782,515.0,0,3,12,0,1
1072,0,31,105536,489439,660.0,2,0,12,2,1
1073,1,43,21304,1124093,623.0,0,0,12,0,0
1074,0,21,22345,465466,314.0,1,3,36,2,0
1075,1,57,106006,1314134,516.0,0,4,48,0,1
1076,0,41,144350,526111,791.0,1,2,36,0,1
1077,0,46,34446,925564,846.0,0,2,24,2,1
1078,0,56,17336,534282,482.0,0,1,60,1,0
1079,1,43,77032,571396,569.0,0,4,36,1,1
1080,0,21,112852,1204262,766.0,0,1,36,1,1
1081,1,35,33474,1364047,818.0,1,2,60,2,1
1082,0,41,70718,997272,841.0,2,3,12,1,1
1083,1,29,59629,769778,766.0,2,0,60,1,1
1084,0,29,60232,1084451,604.0,0,2,48,2,1
1085,1,30,101544,1312032,443.0,1,4,60,1,1
1086,1,46,65669,358974,410.0,1,2,12,1,1
1087,0,55,84184,102446,531.0,0,4,60,1,1
1088,1,45,28140,1072582,883.0,0,4,36,2,0
1089,0,46,141468,761943,891.0,1,4,24,2,1
1090,0,31,98457,994734,799.0,2,1,36,1,1
1091,0,58,29357,190148,894.0,1,3,24,1,1
1092,0,22,126672,81085,853.0,0,2,60,2,1
1093,0,27,83673,1416291,572.0,0,3,48,1,1
1094,0,38,136673,574006,472.0,0,0,60,2,1
1095,0,47,80633,1489028,306.0,1,2,12,1,1
1096,0,54,111111,1104326,454.0,1,3,60,2,1
1097,0,47,93258,390912,821.0,0,3,24,0,1
1098,0,37,84286,85903,845.0,2,0,36,0,1
1099,0,44,108269,1302137,847.0,0,4,48,2,1
1100,1,45,89071,662242,817.0,2,2,60,0,1
1101,1,27,45651,562493,514.0,0,2,60,1,0
1102,0,26,85202,1055489,433.0,0,0,36,2,1
1103,0,44,63777,919446,584.0,0,4,48,2,1
1104,0,53,82263,691593,425.0,0,2,60,1,1
1105,0,49,115158,250753,738.0,0,2,60,1,1
1106,0,42,25800,82101,451.0,0,2,24,2,0
1107,0,46,52823,52775,630.0,0,4,24,1,1
1108,0,48,78878,540399,837.0,1,0,12,2,1
1109,0,41,33708,95619,682.0,0,2,36,1,1
1110,1,27,78870,1350964,414.0,0,3,48,2,1
1111,0,37,24283,462755,781.0,0,4,60,1,1
1112,1,40,93707,115149,583.0,1,1,60,1,1
1113,0,40,20774,76616,374.0,0,0,12,0,0
1114,0,42,111468,796055,465.0,2,3,60,0,0
1115,1,48,111334,1284215,488.0,1,2,36,0,1
1116,0,27,33133,256903,377.0,0,1,12,1,0
1117,1,21,15781,1329894,320.0,0,0,36,2,0
1118,0,52,129586,1088218,865.0,0,4,12,1,1
1119,0,33,42624,402365,483.0,0,1,60,0,0
1120,1,50,21823,951311,521.0,2,1,12,1,0
1121,0,43,33489,337623,627.0,2,3,24,0,0
1122,1,39,44118,411309,478.0,0,0,48,0,0
1123,0,52,115417,105863,411.0,0,3,60,2,1
1124,1,50,96816,1271691,358.0,1,3,48,2,1
1125,1,49,28565,545654,626.0,1,2,60,0,0
1126,1,49,106179,827635,490.0,0,4,48,0,1
1127,0,50,38648,763340,499.0,0,1,24,1,0
1128,1,36,56971,1050460,611.0,0,0,48,0,1
1129,0,39,33658,328495,334.0,1,4,12,1,0
1130,0,38,36253,1233779,678.0,0,4,48,0,0
1131,0,21,103664,297908,686.0,0,0,60,2,1
1132,1,34,118850,881257,592.5,2,4,36,2,0
1133,1,22,148623,1290579,818.0,1,2,48,0,1
1134,1,48,86947,1373173,582.0,2,4,48,1,0
1135,1,50,76001,651982,300.0,0,2,48,1,1
1136,1,58,137775,983334,763.0,0,1,60,1,1
1137,1,24,48243,750033,529.0,2,1,48,0,0
1138,1,21,90939,963438,471.0,0,3,60,0,1
1139,1,28,72828,794822,386.0,0,2,60,2,1
1140,1,49,21710,619354,852.0,0,1,36,2,1
1141,0,59,52991,184445,422.0,0,4,12,0,1
1142,1,23,100445,453551,597.0,0,0,60,2,1
1143,0,52,95257,991245,874.0,2,0,24,1,1
1144,0,30,52711,619829,783.0,2,2,48,1,1
1145,0,30,21530,1263705,464.0,2,3,24,0,0
1146,1,39,26116,641271,682.0,0,4,48,1,1
1147,1,54,80794,203837,508.0,0,2,36,0,1
1148,1,53,146354,764647,731.0,0,0,60,1,1
1149,1,43,147970,957179,688.0,2,2,12,0,1
1150,0,48,19135,921535,859.0,0,4,60,1,0
1151,1,52,124472,227597,523.0,1,1,48,1,1
1152,1,27,140147,1085408,302.0,1,4,12,2,1
1153,1,49,104087,528454,671.0,0,1,60,2,1
1154,1,28,48380,1386286,745.0,0,1,12,2,1
1155,1,21,144951,909625,415.0,2,1,48,2,0
1156,0,23,32071,546440,569.0,2,2,36,2,0
1157,1,44,35074,826372,746.0,0,0,36,2,1
1158,0,43,82843,695303,667.0,0,2,60,0,1
1159,1,28,54901,222257,552.0,2,0,24,0,0
1160,0,57,26205,1322597,616.0,0,4,48,2,0
1161,1,23,139661,345599,714.0,0,3,60,0,1
1162,1,53,20906,995522,394.0,0,4,60,2,0
1163,0,48,148663,366363,323.0,0,2,36,0,1
1164,0,28,140576,882423,349.0,0,2,12,1,1
1165,0,54,77987,647904,801.0,0,0,48,0,1
1166,1,55,95685,166841,797.0,0,2,12,0,1
1167,0,52,125454,219934,634.0,0,1,48,0,1
1168,1,44,120487,1185270,378.0,2,2,24,1,0
1169,1,34,69400,287068,881.0,1,0,36,2,1
1170,0,52,46852,880288,326.0,1,0,24,0,0
1171,0,36,67756,151407,570.0,1,1,60,0,1
1172,1,24,130357,901161,861.0,0,0,36,1,1
1173,1,57,134052,1335076,546.0,0,3,60,2,1
1174,0,41,71481,628641,890.0,2,4,24,0,1
1175,0,34,16283,755356,686.0,0,2,48,1,1
1176,0,51,48691,1309720,592.5,0,3,60,2,0
1177,1,38,147197,86683,660.0,1,2,12,2,1
1178,1,27,41170,1212667,787.0,0,3,48,0,0
1179,1,30,23438,167797,651.0,0,2,48,0,1
1180,1,27,35095,374934,555.0,2,1,24,0,0
1181,1,53,24752,1392200,521.0,2,0,24,0,0
1182,1,43,70426,335713,300.0,0,0,36,1,1
1183,0,41,41819,847583,845.0,2,1,36,1,1
1184,1,39,107051,514310,745.0,1,3,12,0,1
1185,1,39,47994,1288822,378.0,1,4,48,2,0
1186,1,56,112756,607242,535.0,0,3,12,0,1
1187,0,49,110665,1080488,633.0,0,0,12,2,1
1188,1,38,146717,818223,648.0,1,4,24,2,1
1189,1,22,96835,159373,397.0,2,2,12,2,0
1190,0,21,137232,608988,381.0,1,4,12,1,1
1191,1,25,58732,1060540,801.0,0,3,60,2,1
1192,1,40,61305,1222304,776.0,0,1,36,2,1
1193,1,31,24346,903220,849.0,1,2,36,1,1
1194,1,22,15587,964424,313.0,0,3,48,2,0
1195,1,23,27763,916491,691.0,0,2,36,2,1
1196,0,43,84615,969134,646.0,0,4,48,0,1
1197,0,32,135987,1486803,609.0,0,0,60,2,1
1198,0,40,106353,138059,685.0,1,3,36,2,1
1199,1,25,110648,882583,508.0,1,1,60,2,1
1200,1,57,40556,492136,656.0,0,4,36,2,1
1201,1,58,74042,248303,867.0,0,3,36,2,1
1202,0,50,33099,561162,393.0,1,1,60,1,0
1203,1,29,124089,523573,392.0,0,3,12,2,1
1204,1,54,48866,1363982,639.0,0,4,12,2,0
1205,0,55,120400,379125,896.0,2,3,12,1,1
1206,1,42,99246,957383,744.0,0,2,12,1,1
1207,0,44,91975,959531,321.0,2,4,36,2,0
1208,0,37,96557,1180548,590.0,0,3,24,2,1
1209,0,30,87516,1436205,784.0,0,0,60,2,1
1210,1,50,47602,1153298,605.0,0,3,24,0,0
1211,1,43,144295,231890,427.0,2,2,24,0,0
1212,1,52,102969,997436,572.0,0,1,48,2,1
1213,1,37,147161,1367621,741.0,0,1,12,1,1
1214,1,37,15155,167473,802.0,2,1,36,2,1
1215,1,34,138950,320741,429.0,0,0,12,1,1
1216,1,29,82494,1490351,431.0,0,2,12,1,1
1217,0,22,91229,908823,896.0,0,4,24,1,1
1218,1,45,119648,789574,781.0,1,1,48,2,1
1219,0,59,53547,375437,689.0,0,2,12,2,1
1220,1,29,43795,206877,892.0,0,3,60,1,1
1221,1,42,36447,922834,624.0,0,0,60,0,0
1222,1,24,102960,493066,368.0,0,2,12,0,1
1223,0,46,78278,384923,747.0,2,2,24,0,1
1224,0,49,70077,669696,827.0,2,4,24,1,1
1225,0,54,127782,170062,464.0,1,2,36,2,1
1226,0,43,117932,1110676,787.0,1,4,48,1,1
1227,1,57,124869,1417741,725.0,1,0,24,0,1
1228,0,31,63781,1082499,564.0,0,0,36,2,1
1229,1,26,68798,1488846,641.0,1,3,60,1,1
1230,1,38,113696,1293048,577.0,0,4,60,1,1
1231,0,41,65939,928878,738.0,0,4,60,0,1
1232,0,56,44516,284196,456.0,1,1,12,1,0
1233,0,58,65290,257609,592.5,0,1,48,2,1
1234,0,54,141688,725302,550.0,2,3,36,0,0
1235,0,37,101661,333006,829.0,0,0,48,0,1
1236,0,57,87954,323813,626.0,1,1,12,2,1
1237,0,45,37746,957651,396.0,0,2,36,0,0
1238,0,58,82990,759132,812.0,1,0,36,1,1
1239,1,32,73810,323022,515.0,1,2,24,1,1
1240,0,43,133362,839417,431.0,0,4,48,0,1
1241,0,42,148669,541121,559.0,0,0,48,2,1
1242,1,41,17659,1303296,424.0,0,3,24,1,0
1243,0,47,101516,331075,381.0,0,4,60,2,1
1244,1,51,89567,1191452,582.0,1,4,12,1,1
1245,1,26,30037,574624,358.0,2,2,48,1,0
1246,0,47,141498,879365,843.0,0,4,24,0,1
1247,1,54,27109,1052403,460.0,1,1,36,0,0
1248,1,32,37010,1406256,583.0,2,0,24,2,0
1249,1,27,23787,643792,405.0,0,1,60,0,0
1250,1,30,76709,673502,404.0,1,2,12,1,1
1251,0,37,49518,1280796,738.0,1,2,60,1,1
1252,1,46,68909,163936,527.0,0,0,36,2,1
1253,0,41,33351,66279,592.5,0,4,36,2,1
1254,1,48,30282,1298313,617.0,0,3,36,1,0
1255,1,22,20075,1202327,763.0,2,2,36,0,0
1256,1,21,43365,1465153,898.0,2,0,24,0,0
1257,1,56,26002,1169962,771.0,1,3,36,2,0
1258,0,46,28947,136124,355.0,0,4,36,2,0
1259,0,49,109840,1466470,312.0,0,2,24,1,1
1260,1,41,131219,386199,739.0,0,0,36,1,1
1261,1,31,93610,141911,317.0,0,0,60,2,1
1262,0,31,67142,935050,412.0,1,0,60,1,1
1263,1,56,71307,772030,528.0,2,2,48,2,0
1264,1,59,65085,1043978,470.0,2,3,60,2,0
1265,1,55,49228,497244,594.0,1,0,12,0,0
1266,0,54,58472,1319670,488.0,0,4,12,2,1
1267,0,44,64437,426036,725.0,0,0,12,1,1
1268,1,42,74711,287723,378.0,0,3,24,0,1
1269,1,25,92175,1431848,481.0,1,2,60,0,1
1270,1,53,79307,888927,798.0,1,0,12,1,1
1271,0,56,61733,132806,370.0,0,0,48,1,1
1272,0,40,143202,781893,547.0,0,4,24,1,1
1273,0,39,110028,1328673,445.0,0,4,48,2,1
1274,0,55,107493,1024334,595.0,0,0,60,0,1
1275,1,37,140149,1042144,881.0,0,0,36,2,1
1276,0,54,23259,247478,769.0,0,4,48,2,1
1277,1,29,143775,537436,805.0,0,3,36,2,1
1278,0,46,29849,1410369,492.0,2,1,24,2,0
1279,1,22,96768,539709,367.0,0,1,48,0,1
1280,1,29,121108,487585,793.0,0,0,48,0,1
1281,0,29,104709,1330780,351.0,0,4,24,2,1
1282,0,37,69869,407546,662.0,0,2,24,1,1
1283,0,21,141888,867108,773.0,0,2,12,0,1
1284,1,45,78095,900525,820.0,0,1,60,2,1
1285,0,45,132886,231871,730.0,0,3,48,1,1
1286,1,59,85910,391558,597.0,0,1,48,1,1
1287,1,55,38567,548512,734.0,1,0,24,2,1
1288,1,23,50292,1453815,497.0,0,3,24,0,0
1289,1,57,89813,817442,427.0,1,2,60,1,1
1290,0,50,112136,525278,831.0,0,4,24,0,1
1291,1,58,66631,344067,710.0,0,4,36,0,1
1292,1,54,24885,429593,364.0,0,0,36,1,0
1293,1,32,81314,544955,540.0,0,1,36,2,1
1294,0,39,80087,1334574,668.0,2,0,36,1,1
1295,0,57,110998,1096195,835.0,1,4,60,1,1
1296,0,37,64812,696045,683.0,2,2,48,0,1
1297,0,30,73643,867459,730.0,2,4,36,2,1
1298,1,32,59900,740824,382.0,1,3,24,0,1
1299,1,36,31288,1395205,873.0,0,4,36,1,0
1300,0,44,87692,1358014,585.0,0,4,60,2,1
1301,1,39,100436,200528,833.0,2,3,24,2,1
1302,1,28,61403,518011,758.0,1,1,36,2,1
1303,1,51,106170,347698,511.0,0,4,48,2,1
1304,0,41,24168,1407642,425.0,1,0,24,2,0
1305,0,37,64879,1374129,712.0,0,4,24,1,1
1306,1,43,74871,774687,798.0,0,0,48,1,1
1307,0,57,47174,796760,724.0,0,3,24,1,1
1308,0,36,125155,348783,853.0,1,4,36,0,1
1309,0,26,86853,1329758,842.0,2,3,24,2,1
1310,0,28,79046,1187613,457.0,0,3,36,2,1
1311,0,45,64678,798423,411.0,0,1,48,1,1
1312,1,38,41649,1287063,701.0,0,4,12,2,0
1313,0,45,142795,68074,421.0,1,0,48,0,1
1314,1,32,103668,720909,572.0,0,0,36,2,1
1315,1,35,104906,1390683,593.0,0,4,60,2,1
1316,0,46,111019,806967,697.0,0,1,48,0,1
1317,1,46,93002,626553,770.0,0,1,60,1,1
1318,1,52,43803,66061,506.0,0,1,60,1,0
1319,1,30,45795,1258458,409.0,1,0,36,2,0
1320,0,36,23770,503222,739.0,0,3,36,0,1
1321,0,27,26093,687790,577.0,1,1,12,1,0
1322,1,37,146265,1383520,867.0,0,0,24,1,1
1323,0,43,115311,1476912,868.0,0,0,48,1,1
1324,0,46,32569,552175,781.0,0,3,36,2,1
1325,0,41,26190,1355081,413.0,1,4,48,0,0
1326,0,42,77824,681516,592.5,2,4,60,2,1
1327,1,27,57070,256548,620.0,2,1,24,1,0
1328,1,34,55197,500983,478.0,0,1,12,0,1
1329,0,35,17261,518535,518.0,0,3,48,2,0
1330,0,27,101795,546005,827.0,1,1,24,1,1
1331,1,29,43933,750757,791.0,1,3,12,1,1
1332,1,28,55583,1111809,360.0,0,0,48,2,1
1333,0,43,127082,816565,353.0,1,1,24,1,1
1334,1,49,100371,533236,837.0,0,0,36,1,1
1335,0,38,126032,902159,364.0,0,2,48,0,1
1336,0,51,57604,1431173,885.0,0,3,24,1,1
1337,1,50,110074,678423,470.0,0,2,12,2,1
1338,1,59,88869,420608,572.0,0,1,24,0,1
1339,0,55,20410,267314,834.0,0,0,36,2,1
1340,0,38,98375,587970,690.0,0,1,48,1,1
1341,1,59,111055,204455,626.0,0,2,48,0,1
1342,0,37,101716,1418880,407.0,0,1,48,0,1
1343,1,34,69245,798692,461.0,1,4,36,0,1
1344,0,51,58056,335810,751.0,0,2,12,0,1
1345,1,44,73557,1419537,505.0,0,1,48,2,1
1346,1,55,32543,477858,592.5,0,0,12,1,1
1347,1,54,111038,584522,315.0,2,1,24,1,0
1348,0,23,18828,631904,626.0,0,0,12,0,0
1349,0,57,131656,321365,301.0,0,4,12,1,1
1350,1,46,32087,1241058,309.0,0,1,48,2,0
1351,0,43,46337,766773,733.0,1,4,60,1,1
1352,1,59,80333,1099627,592.5,0,2,60,2,1
1353,1,35,85448,128116,380.0,0,0,36,2,1
1354,0,24,19648,434370,784.0,0,2,36,1,1
1355,0,49,145576,1327507,449.0,0,0,60,2,1
1356,1,42,48623,1405477,639.0,1,4,24,2,0
1357,0,45,50634,569385,428.0,2,3,48,2,0
1358,1,33,129598,1481728,737.0,1,1,48,2,1
1359,1,38,64334,276572,800.0,1,4,24,0,1
1360,1,53,83648,181379,357.0,0,0,24,1,1
1361,0,36,37054,1036399,497.0,0,0,60,0,0
1362,1,22,85028,276256,510.0,1,0,36,2,1
1363,1,55,37207,872376,344.0,0,0,24,1,0
1364,0,54,96554,935987,396.0,2,1,36,2,0
1365,1,50,98276,612422,578.0,0,2,12,1,1
1366,1,33,67781,470539,834.0,0,3,48,0,1
1367,0,33,76035,252834,709.0,1,1,60,1,1
1368,0,38,23210,1326155,760.0,1,0,48,2,1
1369,1,52,59363,600242,690.0,1,1,60,1,1
1370,1,52,93279,760381,343.0,0,4,12,1,1
1371,0,55,149393,1450679,326.0,1,0,48,0,1
1372,0,59,96348,801287,396.0,0,3,12,2,1
1373,0,49,128816,1365712,847.0,0,0,60,1,1
1374,0,49,138053,576249,866.0,2,3,24,0,1
1375,1,36,81262,586785,518.0,1,3,48,1,1
1376,1,30,149832,475767,484.0,0,2,12,2,1
1377,0,50,82411,849687,368.0,1,2,48,1,1
1378,1,45,38377,185639,429.0,0,1,48,1,0
1379,0,59,53211,810177,866.0,0,1,48,1,1
1380,1,40,18744,1118965,898.0,0,3,36,1,0
1381,0,25,39995,1274171,633.0,2,0,12,2,0
1382,0,21,49542,1484522,453.0,0,4,12,0,0
1383,0,50,25651,373720,846.0,1,4,48,0,1
1384,1,23,114239,1094846,378.0,0,0,24,1,1
1385,1,34,93931,880351,878.0,1,0,48,2,1
1386,0,50,117112,787463,712.0,0,2,36,2,1
1387,1,24,31715,53358,845.0,1,4,60,2,1
1388,1,38,76350,400679,468.0,0,3,36,2,1
1389,1,57,86425,551110,882.0,1,1,24,2,1
1390,1,45,101120,1351133,814.0,2,2,48,2,1
1391,1,21,129889,257596,613.0,1,4,12,1,1
1392,1,35,89637,680270,331.0,0,0,48,0,1
1393,0,29,85194,278129,586.0,2,4,24,0,0
1394,0,35,91917,378953,893.0,0,3,12,1,1
1395,1,44,79200,667367,342.0,1,2,36,0,1
1396,0,24,120848,1154381,300.0,2,0,60,2,0
1397,0,32,121022,212421,872.0,0,3,60,2,1
1398,0,57,75058,1306425,569.0,0,1,48,0,1
1399,0,57,77068,911465,479.0,0,2,36,2,1
1400,1,26,114932,288483,817.0,0,3,24,2,1
1401,0,59,37785,442551,402.0,1,3,60,0,0
1402,1,44,109475,1142617,309.0,0,0,36,1,1
1403,1,31,17282,320146,882.0,0,1,48,0,1
1404,1,33,82534,1430503,389.0,0,3,12,0,1
1405,0,54,89964,157524,525.0,0,2,48,0,1
1406,0,45,134006,268306,425.0,0,3,48,0,1
1407,0,27,65583,961289,508.0,2,4,36,1,0
1408,0,24,53392,594026,396.0,0,2,60,1,1
1409,0,28,22461,163776,373.0,2,2,36,2,0
1410,0,40,115123,230494,490.0,0,3,12,2,1
1411,1,49,25516,242971,355.0,0,0,36,0,0
1412,0,30,136251,979896,852.0,1,2,24,2,1
1413,0,54,77493,327785,331.0,0,4,48,1,1
1414,1,46,51027,1440254,826.0,0,0,60,2,1
1415,1,23,108547,318449,873.0,0,0,12,2,1
1416,1,26,115127,803622,583.0,0,0,48,2,1
1417,1,25,94003,1379502,793.0,0,2,36,0,1
1418,0,25,54758,1438977,486.0,0,0,24,2,0
1419,0,43,69312,286371,797.0,0,3,36,1,1
1420,0,29,83670,652251,741.0,0,0,48,1,1
1421,0,55,97279,696275,429.0,0,4,12,1,1
1422,0,40,30434,174591,591.0,0,1,60,1,0
1423,0,55,90769,642054,413.0,0,4,48,2,1
1424,1,38,81677,580799,498.0,0,2,12,0,1
1425,0,37,98555,689104,312.0,2,0,48,1,0
1426,1,44,143379,550981,570.0,0,0,24,1,1
1427,1,23,116665,823720,514.0,1,3,36,0,1
1428,0,52,83803,993681,743.0,0,0,60,0,1
1429,1,55,106703,316909,811.0,2,4,12,1,1
1430,0,58,36312,1250002,746.0,0,2,60,1,1
1431,1,33,132961,1384649,373.0,2,1,60,0,0
1432,0,45,55379,1258468,836.0,1,0,60,1,1
1433,1,29,32297,1210152,400.0,0,1,12,1,0
1434,0,24,17011,1033667,475.0,2,0,12,2,0
1435,0,34,135234,1176101,726.0,0,2,60,0,1
1436,0,57,59014,63780,416.0,0,4,36,2,1
1437,0,54,109333,318733,465.0,1,2,48,2,1
1438,0,31,26120,930096,340.0,2,1,60,0,0
1439,1,23,37852,1013443,728.0,0,0,24,2,1
1440,1,48,94239,154188,643.0,0,1,60,1,1
1441,1,49,147001,667614,723.0,1,4,12,2,1
1442,0,29,106575,877385,665.0,1,2,48,0,1
1443,1,23,110040,640073,419.0,2,1,24,1,0
1444,0,45,20744,1124477,528.0,1,1,48,1,0
1445,0,54,57359,517927,429.0,0,4,48,1,1
1446,1,32,113746,1376980,651.0,2,0,24,1,1
1447,1,29,135906,699285,617.0,0,1,60,2,1
1448,0,35,22597,347584,636.0,0,4,60,2,0
1449,1,45,62093,1455802,572.0,0,0,60,1,1
1450,0,25,129650,942015,416.0,0,0,36,0,1
1451,0,31,135956,630971,667.0,0,2,60,1,1
1452,0,54,130598,436350,393.0,1,4,24,2,1
1453,0,44,148241,222502,467.0,0,0,36,1,1
1454,0,35,23036,824107,640.0,0,2,60,2,0
1455,1,58,46778,904741,451.0,1,3,36,1,0
1456,1,28,33800,882359,885.0,0,4,24,0,0
1457,0,25,40372,1305062,573.0,0,3,60,1,0
1458,0,46,76516,962935,853.0,0,0,12,0,1
1459,1,38,35538,499777,795.0,2,4,24,0,0
1460,1,26,78918,191449,400.0,0,2,48,1,1
1461,0,57,86155,627880,856.0,0,0,48,0,1
1462,1,33,74500,1236995,381.0,0,4,24,0,1
1463,0,48,125659,345920,828.0,0,4,48,2,1
1464,1,25,42716,971287,372.0,0,3,24,2,0
1465,0,33,149308,185370,313.0,0,0,12,0,1
1466,1,37,17352,906636,732.0,0,2,24,1,1
1467,0,52,148004,922639,456.0,2,2,60,0,0
1468,1,49,91449,498377,431.0,0,0,60,1,1
1469,1,23,23556,897084,637.0,0,0,36,2,0
1470,0,54,101836,541830,703.0,0,1,48,1,1
1471,1,47,65098,966004,675.0,0,3,48,0,1
1472,0,33,127169,293767,858.0,1,0,24,0,1
1473,1,53,141060,477244,406.0,0,0,48,0,1
1474,0,26,145544,554677,564.0,0,1,60,0,1
1475,1,44,15340,913428,504.0,1,1,12,0,0
1476,0,39,97302,866698,378.0,0,4,24,1,1
1477,1,36,15138,568895,454.0,0,2,48,0,0
1478,0,48,146430,1325393,546.0,0,3,60,2,1
1479,1,53,134619,467216,830.0,0,4,36,0,1
1480,0,33,100376,981515,837.0,0,0,48,1,1
1481,0,45,114931,1101442,453.0,0,1,12,0,1
1482,0,56,96532,162669,453.0,0,2,12,0,1
1483,1,47,70778,842330,391.0,2,4,48,1,0
1484,0,58,52772,330539,732.0,0,2,48,0,1
1485,1,27,73478,1070747,637.0,0,1,60,1,1
1486,0,25,41762,316150,779.0,0,4,48,0,1
1487,1,51,70568,739753,430.0,0,4,36,2,1
1488,0,43,100090,493258,749.0,0,2,60,0,1
1489,1,30,35219,539415,572.0,2,1,24,1,0
1490,1,52,72169,997135,887.0,1,0,36,2,1
1491,0,50,89965,1456396,476.0,2,4,60,1,0
1492,1,59,99754,696012,348.0,2,0,60,0,0
1493,1,51,92988,943659,866.0,0,1,12,2,1
1494,0,38,147379,774857,654.0,0,4,60,1,1
1495,1,56,95388,538029,607.0,0,4,36,2,1
1496,1,22,105768,222646,345.0,0,0,48,2,1
1497,1,34,50428,1392137,601.0,2,3,36,1,0
1498,0,33,107021,400164,707.0,0,0,24,2,1
1499,1,49,133418,1444359,488.0,2,0,60,1,0
1500,0,32,147212,1193457,428.0,0,3,60,2,1
1501,1,59,41421,292934,860.0,2,1,60,2,1
1502,1,22,16708,182659,836.0,2,1,60,2,1
1503,1,52,149702,551323,565.0,1,4,12,0,1
1504,1,33,91021,689872,417.0,1,2,12,0,1
1505,1,47,59789,797108,763.0,0,2,48,1,1
1506,1,37,41086,912318,443.0,1,4,60,2,0
1507,0,51,31859,986320,741.0,2,2,24,1,0
1508,1,54,22684,865864,499.0,1,0,48,0,0
1509,0,44,106088,1278265,456.0,1,0,60,0,1
1510,0,55,147279,1433093,786.0,1,3,12,0,1
1511,1,26,61099,1263865,433.0,1,3,24,0,1
1512,0,39,81093,1381604,447.0,0,4,48,1,1
1513,1,50,63651,317598,635.0,1,4,24,2,1
1514,0,27,28893,1200997,370.0,0,4,60,1,0
1515,0,30,81418,1336821,532.0,0,0,36,2,1
1516,1,52,140074,1051452,633.0,0,2,24,0,1
1517,0,54,118065,1145687,389.0,0,4,24,2,1
1518,0,48,145351,482829,633.0,0,4,12,0,1
1519,0,35,53635,266750,498.0,0,0,60,1,1
1520,0,50,110071,170592,460.0,0,0,24,2,1
1521,0,57,93518,284000,837.0,0,0,60,1,1
1522,1,49,121233,830277,420.0,0,2,12,0,1
1523,0,42,118651,372137,600.0,1,4,60,1,1
1524,1,24,87805,1227228,874.0,2,1,12,0,1
1525,0,40,137813,976352,735.0,1,1,12,0,1
1526,1,52,94063,558069,367.0,2,4,48,0,0
1527,1,56,17454,902557,758.0,1,4,60,1,0
1528,0,24,35878,1316092,813.0,0,4,36,1,0
1529,0,47,83344,429653,697.0,1,4,48,2,1
1530,0,37,119946,1160178,585.0,1,2,12,2,1
1531,1,32,51593,253117,860.0,0,1,36,1,1
1532,0,42,51304,287069,439.0,0,3,24,1,1
1533,1,37,128613,616510,855.0,1,1,24,1,1
1534,1,30,33354,1339660,889.0,0,1,48,1,1
1535,1,21,37190,1340894,581.0,1,0,36,0,0
1536,0,42,21142,758092,877.0,0,4,60,0,0
1537,0,46,56862,1483370,756.0,0,4,36,0,1
1538,1,38,140438,1147996,386.0,0,4,48,1,1
1539,1,34,63456,649792,378.0,0,0,60,0,1
1540,0,49,115167,321604,504.0,0,2,60,0,1
1541,1,32,97035,673607,636.0,1,2,24,2,1
1542,0,56,23016,714635,553.0,1,3,36,2,0
1543,1,55,17384,718629,603.0,2,2,60,0,0
1544,0,32,117239,1221248,592.5,0,2,48,0,1
1545,1,27,126431,1433640,429.0,1,4,24,0,1
1546,0,49,95018,563953,895.0,0,1,60,1,1
1547,1,31,55510,467582,575.0,0,2,36,2,1
1548,0,53,36826,94036,857.0,0,2,24,2,1
1549,0,26,83026,1247017,482.0,0,0,36,2,1
1550,1,35,136668,192867,567.0,0,3,36,0,1
1551,1,52,39045,1168597,621.0,0,0,36,1,0
1552,0,31,105102,419349,811.0,1,4,24,2,1
1553,1,43,66919,735503,377.0,1,1,60,2,1
1554,0,46,114441,472641,638.0,0,3,12,1,1
1555,1,54,133325,387283,855.0,0,0,60,0,1
1556,0,54,34337,810592,808.0,0,2,24,0,1
1557,0,49,92949,633117,537.0,0,2,12,2,1
1558,0,24,15276,441180,433.0,1,3,12,2,0
1559,0,37,66151,851151,491.0,0,2,12,1,1
1560,0,55,67887,683718,655.0,1,0,48,2,1
1561,0,33,96442,450782,577.0,2,0,24,1,0
1562,1,59,64847,62306,317.0,0,2,48,2,1
1563,1,35,73653,628110,823.0,2,2,12,2,1
1564,1,49,71622,74042,479.0,0,4,48,2,1
1565,0,49,42810,458302,422.0,0,1,48,0,0
1566,0,31,92842,722747,545.0,0,3,24,1,1
1567,0,52,137225,663712,672.0,0,0,36,1,1
1568,0,22,25503,1281266,350.0,0,3,48,0,0
1569,1,34,99761,797410,370.0,0,4,48,0,1
1570,1,40,141439,199395,779.0,1,0,12,0,1
1571,0,42,26590,911858,859.0,2,4,12,1,0
1572,1,31,81624,1088457,318.0,1,4,12,2,1
1573,1,47,135356,685311,383.0,0,2,60,0,1
1574,0,23,57727,985783,454.0,1,3,48,0,1
1575,1,37,93471,1407719,864.0,1,3,12,0,1
1576,0,48,23068,112780,656.0,1,2,24,2,1
1577,1,49,131923,859340,742.0,1,3,60,2,1
1578,0,41,26390,1486998,368.0,2,2,36,0,0
1579,0,36,121752,1199282,822.0,0,0,48,2,1
1580,0,57,109754,172019,442.0,1,4,48,0,1
1581,0,40,90969,421852,491.0,0,4,24,2,1
1582,1,26,92064,229001,686.0,2,3,36,1,1
1583,0,39,36281,845775,677.0,0,1,36,1,1
1584,0,25,69189,1198836,880.0,0,4,60,2,1
1585,0,23,63511,1269439,834.0,0,2,48,1,1
1586,1,21,137115,734494,592.0,1,1,12,1,1
1587,0,58,23605,1079870,308.0,0,1,24,1,0
1588,1,35,115318,643731,570.0,0,4,24,0,1
1589,0,54,147453,804471,686.0,2,4,24,2,1
1590,1,55,34810,369674,592.5,2,4,24,2,0
1591,1,45,56869,710187,828.0,0,2,12,2,1
1592,0,44,47955,146143,453.0,0,1,12,1,0
1593,1,32,76388,194771,704.0,1,3,60,0,1
1594,0,38,25207,1070332,448.0,2,2,48,2,0
1595,0,35,37031,1058923,566.0,0,0,12,1,0
1596,0,36,95807,950959,721.0,1,4,60,0,1
1597,1,47,86312,710673,771.0,0,1,36,0,1
1598,1,28,74766,161362,846.0,1,2,48,2,1
1599,0,45,104833,1389527,825.0,1,0,12,2,1
1600,0,37,126041,226298,802.0,0,2,36,1,1
1601,1,49,131185,633838,313.0,0,2,60,2,1
1602,0,28,25350,523288,592.5,2,3,12,1,0
1603,0,35,115859,315702,418.0,1,3,12,0,1
1604,0,47,83487,1042812,537.0,0,2,36,0,1
1605,1,27,138853,362257,845.0,1,0,12,0,1
1606,1,23,68117,1003847,468.0,1,1,24,0,1
1607,1,49,116084,1156795,821.0,0,1,12,2,1
1608,0,44,38782,1004470,815.0,1,4,48,2,0
1609,0,23,43454,739129,696.0,0,4,36,1,1
1610,0,40,82904,825292,405.0,2,1,48,1,0
1611,1,35,144936,286495,384.0,0,2,60,1,1
1612,0,45,137258,331373,513.0,0,2,48,1,1
1613,0,50,126668,239073,420.0,0,3,24,1,1
1614,0,34,139184,409281,431.0,1,3,24,0,1
1615,0,27,31566,874516,496.0,1,4,48,0,0
1616,1,37,53333,918212,318.0,2,1,60,0,0
1617,1,40,136929,1060396,311.0,1,2,12,1,1
1618,0,56,104571,1246454,380.0,0,1,24,0,1
1619,1,29,135263,269707,629.0,2,0,48,0,0
1620,1,58,147661,291249,691.0,0,1,48,0,1
1621,0,42,40235,1135610,606.0,1,0,48,0,0
1622,0,22,15159,221389,566.0,0,3,12,2,0
1623,1,44,119859,1109165,746.0,1,3,36,1,1
1624,0,28,122507,1155797,740.0,1,4,60,1,1
1625,1,31,29743,1354503,301.0,1,1,36,2,0
1626,0,33,61101,1459020,819.0,0,1,60,0,1
1627,1,37,136534,691517,608.0,0,0,60,0,1
1628,0,28,99227,875963,821.0,0,3,48,0,1
1629,1,41,86126,626515,768.0,1,0,24,1,1
1630,1,38,71071,315308,511.0,0,3,48,1,1
1631,1,50,89763,143078,592.5,2,0,12,1,0
1632,0,38,61154,877679,307.0,0,3,60,1,1
1633,1,51,22016,809401,776.0,0,0,24,1,1
1634,1,58,104678,624887,759.0,1,3,60,2,1
1635,0,52,127056,514761,552.0,0,0,60,1,1
1636,0,31,69238,976921,825.0,2,1,48,0,1
1637,1,45,73608,1288227,737.0,1,4,24,1,1
1638,1,53,104081,118207,535.0,0,0,24,2,1
1639,0,58,65961,384199,605.0,0,4,60,0,1
1640,0,28,41917,938698,777.0,0,1,24,2,1
1641,1,31,42990,1438990,319.0,0,1,24,0,0
1642,1,42,77551,161426,515.0,1,3,48,1,1
1643,0,44,95811,184794,434.0,0,4,36,2,1
1644,1,37,70103,1456352,428.0,0,2,12,0,1
1645,0,32,121122,595726,709.0,0,3,36,1,1
1646,1,52,34008,633107,721.0,0,4,24,0,1
1647,1,35,47402,93856,593.0,0,0,60,2,0
1648,1,36,128550,492244,545.0,2,0,12,2,0
1649,0,42,106218,1158383,855.0,1,1,12,2,1
1650,1,48,148296,886309,385.0,1,2,60,2,1
1651,1,40,135779,540999,855.0,1,0,12,1,1
1652,0,53,144714,1142037,674.0,0,4,60,0,1
1653,1,30,47441,667762,745.0,2,4,12,1,0
1654,1,52,77368,395280,677.0,0,0,36,2,1
1655,0,53,107122,1381155,689.0,0,4,12,0,1
1656,1,22,59760,457407,350.0,0,4,48,2,1
1657,1,53,38478,921158,541.0,0,1,60,1,0
1658,1,53,142881,1353306,593.0,1,2,12,1,1
1659,0,33,86854,1345308,862.0,0,1,60,1,1
1660,0,50,109230,470602,565.0,1,2,48,0,1
1661,0,53,100716,325848,419.0,0,4,12,0,1
1662,1,33,113538,106635,547.0,0,2,12,2,1
1663,1,46,30372,969627,369.0,1,4,48,0,0
1664,0,42,44796,1451430,356.0,0,4,48,0,0
1665,1,59,113826,815197,681.0,0,1,48,1,1
1666,1,22,135592,295984,338.0,0,1,60,2,1
1667,0,58,108635,1423713,742.0,1,3,48,1,1
1668,0,59,126022,1211328,317.0,1,0,60,2,1
1669,1,46,69040,1309770,651.0,0,3,36,2,1
1670,1,35,90357,278584,597.0,2,3,12,0,0
1671,1,54,93356,182886,582.0,2,2,12,1,0
1672,0,31,31211,1177113,885.0,1,4,24,0,0
1673,0,23,120426,886690,409.0,1,4,36,0,1
1674,0,26,20842,135166,479.0,0,4,48,0,0
1675,0,29,81852,425854,843.0,1,0,48,2,1
1676,1,26,140737,1396419,324.0,0,2,36,1,1
1677,0,29,60968,358479,356.0,0,2,48,1,1
1678,0,59,32508,914285,479.0,2,4,24,0,0
1679,0,51,69575,347883,531.0,1,3,60,2,1
1680,0,52,81914,609073,642.0,0,0,12,1,1
1681,0,32,82055,213052,776.0,0,3,36,1,1
1682,1,28,102697,806079,875.0,1,1,12,0,1
1683,1,28,121239,1493401,754.0,0,2,60,2,1
1684,0,48,138106,116253,531.0,0,2,36,0,1
1685,1,40,20355,528697,588.0,0,3,60,1,0
1686,0,27,69120,665416,512.0,0,0,48,2,1
1687,0,31,53342,211081,557.0,1,2,48,0,1
1688,1,40,17257,964013,829.0,0,3,48,1,0
1689,1,36,42364,685254,528.0,1,0,60,0,0
1690,0,24,126715,1236430,525.0,0,3,60,0,1
1691,0,26,41654,673640,592.5,1,0,60,0,1
1692,0,42,96423,469149,734.0,2,4,12,2,1
1693,1,46,44320,797567,701.0,1,0,60,1,1
1694,0,23,35808,682585,387.0,2,1,48,1,0
1695,0,34,67389,612634,883.0,2,4,24,1,1
1696,0,31,133581,1210714,841.0,0,3,60,1,1
1697,1,38,142927,362916,608.0,1,4,24,2,1
1698,0,32,49773,90149,642.0,2,4,48,0,0
1699,0,43,91396,398844,735.0,0,3,60,1,1
1700,1,32,122692,933190,476.0,0,3,12,2,1
1701,0,33,72505,178447,438.0,2,1,12,0,0
1702,0,45,100896,511693,493.0,1,3,24,2,1
1703,1,39,33135,1104271,485.0,0,2,12,2,0
1704,0,56,105887,884379,517.0,0,2,12,1,1
1705,1,28,137118,1276872,463.0,1,1,12,1,1
1706,1,49,62377,882297,460.0,0,0,48,0,1
1707,0,52,77491,730913,824.0,1,0,12,0,1
1708,0,38,73283,1465221,341.0,1,2,36,1,1
1709,0,26,31923,1421130,509.0,1,3,60,2,0
1710,0,38,62591,1464474,574.0,0,1,12,1,1
1711,1,39,77261,403039,578.0,1,0,12,0,1
1712,0,42,69336,992320,550.0,1,0,12,2,1
1713,1,57,89083,1411425,609.0,1,4,36,2,1
1714,0,52,75948,242994,439.0,0,2,12,2,1
1715,0,23,41672,1476420,845.0,0,3,12,1,0
1716,0,48,19213,910346,829.0,2,1,60,1,0
1717,1,30,77507,1100457,356.0,0,0,36,0,1
1718,0,55,72134,359509,411.0,0,4,36,2,1
1719,0,49,148172,1177787,592.5,0,2,12,2,1
1720,0,35,43172,1037626,709.0,1,2,36,1,1
1721,0,53,35132,1254654,713.0,0,1,24,0,1
1722,1,27,33199,1401918,481.0,0,0,36,0,0
1723,0,32,51609,990335,312.0,0,1,36,2,1
1724,1,50,46881,1009820,638.0,1,1,36,1,0
1725,1,41,39472,1325779,558.0,0,4,48,2,0
1726,1,51,69131,769846,389.0,0,2,48,1,1
1727,1,44,27828,1138129,549.0,0,3,48,0,0
1728,1,40,111664,1496714,554.0,2,2,36,2,0
1729,1,57,147473,959210,887.0,0,2,24,2,1
1730,0,24,30193,710046,407.0,0,4,36,2,0
1731,1,48,117518,82766,893.0,0,3,12,0,1
1732,1,40,34611,605710,888.0,2,0,24,2,1
1733,1,44,91240,953022,784.0,1,3,48,0,1
1734,0,52,17745,324349,557.0,2,0,60,1,0
1735,0,56,70243,529806,581.0,1,3,24,0,1
1736,1,54,18866,1253175,387.0,0,1,48,1,0
1737,0,56,143681,1477197,503.0,1,3,24,0,1
1738,1,22,86354,1126778,315.0,0,4,24,0,1
1739,1,35,66374,489358,450.0,0,0,36,2,1
1740,0,54,129397,898124,553.0,0,2,12,0,1
1741,1,56,139577,787744,487.0,0,4,60,2,1
1742,0,26,96029,70855,628.0,2,0,48,1,0
1743,0,59,108574,526963,843.0,0,0,24,1,1
1744,1,32,45431,861527,696.0,2,2,60,2,1
1745,1,23,44336,1006228,816.0,0,1,24,1,1
1746,0,38,55992,361385,758.0,0,4,12,0,1
1747,1,41,70350,677407,629.0,2,2,60,2,0
1748,1,35,84561,1193413,468.0,1,2,48,2,1
1749,1,53,66955,273068,665.0,1,1,24,2,1
1750,0,55,76240,406427,477.0,0,4,12,1,1
1751,0,46,61607,983476,661.0,0,2,60,1,1
1752,1,28,67870,173805,339.0,1,1,24,0,1
1753,0,56,79110,859359,715.0,1,4,24,0,1
1754,0,50,131895,165657,654.0,0,3,48,2,1
1755,0,43,19426,903062,554.0,2,0,12,0,0
1756,0,34,42606,154428,442.0,1,1,36,1,0
1757,0,34,43151,172035,876.0,2,0,24,0,1
1758,1,22,26308,1329356,310.0,1,3,60,1,0
1759,1,57,105306,962676,325.0,1,2,48,0,1
1760,1,25,121984,119518,720.0,0,2,48,1,1
1761,0,58,17204,226355,520.0,0,4,24,1,0
1762,0,34,107769,717565,795.0,2,1,24,0,1
1763,1,59,102265,170243,536.0,0,1,24,0,1
1764,0,45,46131,1057378,536.0,0,4,36,1,0
1765,1,40,67428,988601,518.0,0,0,24,2,1
1766,1,22,48870,446308,786.0,0,2,12,0,1
1767,1,59,118547,1151887,760.0,2,2,60,1,1
1768,0,26,64067,72692,443.0,2,1,24,0,0
1769,0,37,127217,729222,592.5,0,1,36,0,1
1770,1,45,113934,442179,554.0,0,4,60,0,1
1771,1,48,89707,271468,367.0,1,3,48,0,1
1772,1,22,76215,1440227,635.0,1,0,24,0,1
1773,1,55,64429,130152,708.0,2,3,60,2,1
1774,0,57,97152,513685,599.0,0,3,48,2,1
1775,0,25,123048,1058803,656.0,0,1,36,2,1
1776,1,21,92240,53969,555.0,0,1,12,1,1
1777,1,32,128688,1134309,652.0,2,1,24,2,1
1778,0,56,61473,381999,820.0,1,3,12,2,1
1779,0,43,111762,91743,823.0,1,0,36,1,1
1780,1,51,121956,220948,583.0,0,1,60,2,1
1781,1,31,133452,943877,611.0,1,2,60,0,1
1782,1,30,141311,70323,398.0,1,0,36,2,1
1783,0,23,22006,1377148,496.0,0,2,36,2,0
1784,0,34,89218,608866,781.0,0,0,24,2,1
1785,0,36,47430,551793,525.0,0,1,48,0,0
1786,1,30,38091,376284,664.0,0,4,12,0,1
1787,1,49,38989,318508,667.0,0,1,12,0,1
1788,0,30,90451,441011,869.0,0,3,60,0,1
1789,0,32,33990,832259,889.0,0,3,60,1,1
1790,1,50,105270,226968,374.0,0,0,24,0,1
1791,0,21,95360,107062,341.0,0,3,36,0,1
1792,0,25,51081,1326914,721.0,2,1,12,0,1
1793,1,40,123272,785122,480.0,0,2,24,0,1
1794,0,28,31241,719221,844.0,1,1,60,1,1
1795,1,32,139932,1326485,370.0,0,0,60,2,1
1796,1,21,20939,556995,867.0,1,3,12,2,0
1797,1,40,128000,138302,404.0,0,2,60,0,1
1798,1,48,50063,1083224,499.0,1,4,60,0,1
1799,1,57,62118,788591,400.0,0,2,48,0,1
1800,1,57,99703,615635,606.0,1,2,36,2,1
1801,1,32,143557,577409,885.0,0,1,60,2,1
1802,0,57,42076,133793,676.0,1,4,48,0,1
1803,1,48,59605,337635,698.0,0,0,24,2,1
1804,1,35,99565,633510,520.0,0,0,60,1,1
1805,0,26,54121,728525,894.0,0,2,24,0,1
1806,0,40,46433,578036,481.0,1,2,60,0,0
1807,0,34,58309,1215123,606.0,2,3,12,1,0
1808,1,22,82468,634668,821.0,1,4,48,1,1
1809,0,29,82293,94331,695.0,0,2,48,2,1
1810,1,57,111258,801393,303.0,0,3,12,1,1
1811,1,40,53405,1064348,580.0,2,4,36,0,0
1812,1,46,58527,875992,514.0,0,0,48,2,1
1813,1,49,92227,1014190,719.0,1,3,24,1,1
1814,0,21,146564,650198,400.0,2,4,48,2,0
1815,0,55,108344,447891,820.0,2,3,36,2,1
1816,1,26,62153,1034210,872.0,0,2,24,2,1
1817,1,57,123042,550201,608.0,0,1,24,2,1
1818,1,25,69110,1091566,809.0,0,0,12,1,1
1819,0,53,43328,1094863,362.0,1,2,60,0,0
1820,1,34,127911,781576,525.0,0,2,12,0,1
1821,1,32,27867,1108644,404.0,0,4,60,1,0
1822,0,40,74234,937198,724.0,0,3,12,0,1
1823,0,44,40851,1386926,554.0,0,0,60,2,0
1824,1,54,46279,1120913,728.0,1,2,48,2,1
1825,0,45,88402,1250314,733.0,1,4,24,2,1
1826,0,49,30449,297667,506.0,0,0,60,1,0
1827,1,59,91221,706521,327.0,0,3,48,2,1
1828,0,51,104080,1082321,635.0,2,2,36,2,0
1829,1,43,20451,564241,887.0,0,2,12,1,1
1830,0,58,102178,937099,368.0,1,2,36,2,1
1831,1,40,78761,1450791,812.0,2,0,48,2,1
1832,1,43,53870,1196640,466.0,0,0,36,0,1
1833,1,36,111566,1006255,667.0,0,0,36,1,1
1834,0,28,138749,1467231,550.0,2,0,48,2,0
1835,1,41,138765,457974,469.0,0,4,24,2,1
1836,0,21,139881,577466,389.0,0,1,60,2,1
1837,1,28,143389,606119,860.0,0,4,12,2,1
1838,1,49,40372,183248,745.0,0,2,60,0,1
1839,0,52,18642,1201882,593.0,1,4,12,0,0
1840,1,58,49064,214726,449.0,2,3,60,0,0
1841,1,25,29122,994131,431.0,1,0,36,0,0
1842,0,42,83431,757910,732.0,0,3,24,1,1
1843,1,54,70745,424169,358.0,0,3,36,2,1
1844,1,21,65081,750270,498.0,1,2,24,0,1
1845,1,46,91253,140417,514.0,0,0,48,2,1
1846,1,30,51191,763611,860.0,1,3,12,1,1
1847,0,50,25211,478638,771.0,0,2,12,2,1
1848,0,38,126086,1110560,546.0,1,0,48,2,1
1849,1,37,116971,1187888,681.0,0,1,60,0,1
1850,0,46,108783,242458,538.0,0,2,48,0,1
1851,1,28,140681,1181867,666.0,0,4,48,1,1
1852,0,32,102893,843567,467.0,0,0,24,2,1
1853,1,47,92960,574608,592.5,0,3,48,0,1
1854,1,28,99388,1070462,350.0,1,3,12,0,1
1855,1,45,37601,727044,679.0,1,4,36,0,1
1856,1,24,34710,1023417,773.0,1,4,24,1,0
1857,1,53,123714,465105,592.5,2,3,24,2,0
1858,1,21,143727,1458791,666.0,0,0,60,0,1
1859,0,39,78227,1353659,760.0,0,2,36,2,1
1860,1,51,99289,1053466,838.0,0,4,24,1,1
1861,0,36,20722,684151,751.0,1,4,48,2,0
1862,1,34,96050,91777,763.0,0,4,24,0,1
1863,0,25,98596,96250,777.0,1,1,24,2,1
1864,0,46,81732,941372,719.0,0,0,24,2,1
1865,0,48,83323,1400850,513.0,2,0,60,1,0
1866,1,22,38816,525147,668.0,2,0,24,1,1
1867,1,26,55695,970041,413.0,0,0,24,2,1
1868,0,29,70841,65216,802.0,0,0,60,2,1
1869,1,53,143498,396293,887.0,1,3,36,2,1
1870,0,45,122096,577297,610.0,0,4,12,1,1
1871,1,33,107764,926336,768.0,0,3,60,1,1
1872,0,29,100744,195281,343.0,1,1,60,2,1
1873,0,33,43482,753803,714.0,0,2,24,1,1
1874,1,51,24171,784803,545.0,1,4,24,0,0
1875,0,31,115755,238069,592.5,1,1,12,1,1
1876,1,24,123125,1462891,506.0,0,3,24,1,1
1877,0,54,145722,164456,450.0,0,2,48,1,1
1878,0,58,121082,1423279,827.0,0,1,24,0,1
1879,1,24,18696,901324,464.0,1,2,24,0,0
1880,1,58,141310,906841,444.0,0,1,48,0,1
1881,1,39,34149,869497,336.0,2,3,12,2,0
1882,0,26,145064,432688,632.0,0,2,48,2,1
1883,1,54,68521,1468060,702.0,0,1,60,0,1
1884,0,38,60740,83783,713.0,0,3,48,2,1
1885,0,33,121611,84152,344.0,0,4,36,2,1
1886,1,43,81641,494718,701.0,0,3,60,2,1
1887,1,39,78811,198725,505.0,0,3,24,0,1
1888,0,31,78232,541215,361.0,0,4,60,1,1
1889,0,21,30417,221541,719.0,0,3,12,0,1
1890,1,44,127492,1447203,767.0,0,4,12,0,1
1891,1,27,45099,958017,318.0,1,4,48,2,0
1892,1,45,133474,371898,664.0,0,4,60,2,1
1893,1,41,24256,735338,599.0,0,1,24,1,0
1894,1,35,49681,1186168,306.0,1,2,12,1,0
1895,0,21,106328,1455263,727.0,0,1,24,1,1
1896,0,32,58361,93169,416.0,1,4,36,1,1
1897,0,27,49540,104745,879.0,0,2,12,0,1
1898,0,35,99700,688273,806.0,0,2,48,1,1
1899,1,41,93532,1088347,845.0,2,4,36,0,1
1900,1,39,142626,71067,624.0,0,2,60,2,1
1901,1,49,148943,101033,354.0,1,2,24,1,1
1902,0,45,61002,95256,341.0,0,1,12,2,1
1903,0,53,64812,795993,596.0,1,2,36,2,1
1904,1,52,123946,289455,530.0,2,4,36,0,0
1905,1,55,81668,552264,752.0,0,0,12,1,1
1906,0,58,114003,1298993,693.0,1,0,60,0,1
1907,0,46,57998,989695,821.0,0,0,60,2,1
1908,1,31,119601,136803,657.0,1,4,48,1,1
1909,1,55,22812,1302390,743.0,0,0,60,2,1
1910,0,28,76844,168843,427.0,2,1,48,2,0
1911,1,34,148251,529809,704.0,0,4,36,1,1
1912,1,30,89601,603280,691.0,0,4,12,1,1
1913,1,22,62857,1311179,492.0,2,4,60,1,0
1914,0,29,140555,623091,377.0,1,2,48,0,1
1915,0,23,35700,1470695,384.0,0,2,36,0,0
1916,0,41,108330,194282,329.0,0,2,60,2,1
1917,0,46,78353,526545,348.0,0,3,24,1,1
1918,0,28,115772,1124846,444.0,0,1,36,2,1
1919,0,22,106502,581740,368.0,0,4,60,2,1
1920,0,26,128943,1402206,357.0,1,4,36,2,1
1921,1,48,124850,1113435,873.0,0,2,12,2,1
1922,1,49,60095,994740,778.0,1,4,12,2,1
1923,1,46,30523,999403,744.0,1,4,12,1,0
1924,1,45,77433,1210038,595.0,0,0,24,0,1
1925,1,32,34991,1246311,470.0,0,4,12,1,0
1926,1,25,25775,299737,874.0,0,3,24,1,1
1927,1,54,99995,1379773,446.0,0,2,12,1,1
1928,0,57,137808,192157,783.0,1,1,36,0,1
1929,0,35,22415,1450465,592.5,0,1,60,0,0
1930,1,56,52044,240167,745.0,1,0,60,0,1
1931,1,35,64976,643805,520.0,0,1,12,1,1
1932,0,43,18832,1234895,854.0,0,1,60,0,1
1933,1,26,49148,978057,677.0,0,2,12,2,1
1934,1,41,127230,1325029,565.0,0,2,12,0,1
1935,0,43,100076,973639,394.0,0,3,48,1,1
1936,1,36,53402,186645,561.0,0,0,48,1,1
1937,0,35,53578,1092092,370.0,2,1,48,2,0
1938,1,45,105453,1236837,518.0,1,3,24,0,1
1939,0,56,90715,392221,832.0,0,0,48,0,1
1940,0,31,126435,486862,391.0,0,1,12,2,1
1941,0,35,110742,388767,426.0,0,1,36,1,1
1942,1,24,60475,1229580,379.0,0,2,48,1,1
1943,1,41,75142,103687,537.0,0,4,48,0,1
1944,1,33,108526,904744,671.0,0,0,36,0,1
1945,1,42,66001,1206191,785.0,0,1,12,0,1
1946,1,39,72649,443120,324.0,0,0,24,0,1
1947,1,54,40711,601852,455.0,0,3,48,0,0
1948,0,34,45106,1029091,816.0,0,3,36,1,1
1949,0,24,80458,581985,829.0,1,4,12,1,1
1950,1,47,145429,654453,356.0,0,1,60,1,1
1951,1,49,116754,984550,318.0,0,2,24,1,1
1952,0,48,141479,632111,683.0,0,1,36,2,1
1953,1,55,43884,583903,492.0,2,0,36,1,0
1954,0,28,17708,556554,536.0,2,3,36,2,0
1955,1,36,33375,966931,686.0,1,0,48,1,1
1956,1,56,30088,650724,725.0,0,4,60,0,1
1957,0,50,72615,1481282,576.0,0,3,24,0,1
1958,1,38,125138,907549,526.0,1,2,12,0,1
1959,0,22,25014,609070,592.5,0,3,12,2,1
1960,1,33,149345,1177109,622.0,0,1,60,1,1
1961,1,24,117842,290011,452.0,2,1,36,1,0
1962,1,46,93077,1287903,536.0,0,3,36,2,1
1963,0,45,67874,122684,354.0,0,4,36,2,1
1964,1,50,84087,1315197,735.0,0,1,36,2,1
1965,1,31,27297,1333871,408.0,0,1,36,2,0
1966,1,27,42128,825723,483.0,0,2,60,2,0
1967,1,51,83368,997509,667.0,1,3,48,0,1
1968,0,30,93958,1004138,497.0,1,1,24,1,1
1969,0,59,47920,787651,670.0,0,4,36,2,1
1970,1,33,148872,761423,672.0,2,0,48,0,1
1971,0,51,148682,203466,796.0,0,3,12,2,1
1972,1,27,92603,284318,898.0,0,2,60,0,1
1973,1,56,48872,422778,500.0,1,1,48,2,0
1974,1,40,25728,181936,808.0,1,4,36,1,1
1975,0,24,110102,1007726,621.0,1,3,36,2,1
1976,0,27,137049,697952,574.0,2,4,36,2,0
1977,0,21,35583,726315,510.0,1,4,48,1,0
1978,0,33,100774,422818,803.0,2,2,36,1,1
1979,0,42,141374,1202109,417.0,0,3,48,2,1
1980,0,41,106118,918277,853.0,1,1,36,1,1
1981,0,42,80942,1346573,341.0,2,2,12,1,0
1982,0,48,28689,1168166,614.0,1,1,12,0,0
1983,0,29,48276,1488495,628.0,0,0,24,1,0
1984,1,46,116968,378615,316.0,0,4,36,1,1
1985,0,29,28050,531530,582.0,0,0,36,2,0
1986,0,35,81216,1404018,557.0,0,4,48,2,1
1987,0,30,99040,1343512,874.0,2,2,48,0,1
1988,0,44,36644,459925,873.0,0,1,36,2,1
1989,0,28,77021,1108302,318.0,0,1,24,1,1
1990,0,44,57291,241896,828.0,2,2,36,1,1
1991,0,36,147610,1139118,722.0,0,3,48,1,1
1992,0,46,56520,463461,765.0,0,0,36,2,1
1993,0,47,40675,1133329,672.0,0,0,48,1,1
1994,0,57,15174,916220,380.0,1,1,36,1,0
1995,0,24,107268,333460,850.0,0,1,60,0,1
1996,1,44,49998,283979,847.0,2,1,48,0,1
1997,1,39,120410,658986,723.0,0,2,24,0,1
1998,1,56,90225,328104,728.0,0,3,60,2,1
1999,0,59,59814,1129367,687.0,0,0,36,1,1
2000,1,30,100091,1075270,503.0,1,4,48,1,1
2001,0,45,65719,337360,495.0,0,2,60,1,1
2002,1,38,144887,1425147,584.0,0,0,24,0,1
2003,1,39,48919,647578,495.0,0,3,48,1,0
2004,1,56,88155,621302,606.0,1,2,60,1,1
2005,1,30,86569,185150,313.0,0,0,60,1,1
2006,1,53,56328,1045893,445.0,1,2,60,1,1
2007,0,25,39618,1149095,356.0,1,0,12,1,0
2008,1,55,49675,623340,509.0,0,0,36,2,0
2009,0,54,33919,1112965,828.0,0,3,48,1,0
2010,0,53,19173,408105,643.0,0,4,48,2,0
2011,1,41,124369,930147,578.0,0,3,48,1,1
2012,1,37,41400,887165,508.0,0,0,60,2,0
2013,0,42,85305,922318,634.0,0,2,36,1,1
2014,1,57,103791,1256329,587.0,0,3,24,1,1
2015,1,35,85533,393150,551.0,0,4,48,1,1
2016,0,55,118591,1193489,564.0,0,0,36,1,1
2017,0,48,146060,668396,570.0,0,3,36,0,1
2018,1,27,54194,829091,718.0,1,3,12,1,1
2019,0,52,124903,319637,510.0,2,3,48,2,0
2020,1,31,146461,119639,664.0,2,3,60,0,1
2021,1,30,114303,1330028,375.0,0,2,36,0,1
2022,1,29,128903,1415103,620.0,0,4,36,1,1
2023,0,34,82391,359378,732.0,0,4,24,2,1
2024,1,33,73002,1014795,408.0,0,0,12,2,1
2025,0,45,50531,536084,821.0,0,1,36,0,1
2026,0,22,19986,319515,346.0,1,2,36,2,0
2027,0,55,47298,282520,678.0,0,0,60,1,1
2028,1,27,16481,1342035,395.0,0,0,60,1,0
2029,1,41,71408,721986,402.0,2,3,24,1,0
2030,1,38,136950,287330,445.0,0,1,24,1,1
2031,1,23,140355,1204149,326.0,0,1,24,1,1
2032,0,59,42798,974634,829.0,0,2,60,0,1
2033,1,31,106649,187900,381.0,0,1,60,1,1
2034,0,59,79887,369658,727.0,1,0,12,1,1
2035,1,44,34477,550364,883.0,0,1,48,0,1
2036,0,39,142815,1334283,778.0,0,1,48,0,1
2037,0,24,142426,748419,461.0,1,4,12,0,1
2038,1,46,39335,573116,701.0,1,0,48,2,1
2039,1,58,101610,563066,807.0,2,1,60,2,1
2040,1,52,26442,314179,337.0,1,1,48,1,0
2041,1,59,61289,1208343,810.0,0,3,60,1,1
2042,0,56,68747,483961,692.0,0,1,12,1,1
2043,1,57,52327,591529,793.0,0,1,24,2,1
2044,1,53,87827,627263,499.0,0,4,12,1,1
2045,0,56,121464,204226,554.0,1,0,48,1,1
2046,1,23,146184,1012454,478.0,1,2,60,2,1
2047,1,29,102051,541818,846.0,0,0,48,0,1
2048,1,28,74722,106396,893.0,0,3,48,2,1
2049,1,53,107036,168920,688.0,0,0,24,1,1
2050,1,26,81960,456547,697.0,2,1,48,2,1
2051,0,59,34552,244999,457.0,0,3,24,0,0
2052,1,24,15887,113014,303.0,1,0,60,0,0
2053,1,33,46802,644699,466.0,1,3,60,0,0
2054,1,22,100024,235550,767.0,2,2,24,0,1
2055,1,25,133639,1285382,708.0,1,0,12,0,1
2056,1,47,133248,1083994,711.0,1,1,60,0,1
2057,0,52,96938,388585,503.0,0,3,12,1,1
2058,1,41,137746,1144697,493.0,0,4,60,1,1
2059,0,28,41049,1094890,534.0,0,3,60,2,0
2060,0,58,92789,372341,449.0,0,4,36,1,1
2061,1,28,99526,1183153,458.0,2,1,48,0,0
2062,1,23,61220,406778,578.0,0,2,48,1,1
2063,1,23,61163,1347682,703.0,2,4,12,2,1
2064,1,42,149837,1085141,610.0,0,2,48,0,1
2065,0,26,132126,710197,367.0,0,3,12,1,1
2066,1,22,96486,555200,762.0,2,1,60,1,1
2067,1,43,90277,526379,592.5,0,4,36,2,1
2068,1,22,119245,575754,516.0,0,3,36,0,1
2069,1,58,137332,1086149,300.0,0,0,60,2,1
2070,1,37,37931,396030,434.0,1,3,24,0,0
2071,1,55,104116,378055,650.0,0,2,24,0,1
2072,0,54,70633,138422,439.0,0,1,48,1,1
2073,0,43,66913,1065691,432.0,0,1,12,2,1
2074,1,50,109776,385513,477.0,1,3,36,2,1
2075,1,28,40991,1391293,657.0,1,0,48,2,1
2076,1,42,119092,1008378,679.0,0,2,60,0,1
2077,0,56,110556,782722,749.0,0,3,36,2,1
2078,1,25,77875,936388,885.0,1,3,12,0,1
2079,0,33,77120,1250847,762.0,0,1,12,2,1
2080,1,49,148060,1084104,407.0,0,2,24,2,1
2081,1,51,125041,403548,421.0,0,0,48,1,1
2082,1,36,143467,894156,316.0,2,1,60,2,0
2083,1,50,133490,1266053,495.0,0,3,36,1,1
2084,0,36,141155,1327880,626.0,0,1,12,1,1
2085,0,32,43230,1076163,617.0,1,1,36,0,0
2086,1,37,74778,865363,778.0,1,4,60,2,1
2087,1,36,60833,1440598,551.0,0,1,36,2,1
2088,0,32,37625,402621,802.0,0,1,48,2,1
2089,0,28,47088,522697,418.0,1,2,24,1,0
2090,0,40,118937,781658,797.0,2,1,36,2,1
2091,0,23,91361,735493,785.0,1,0,24,0,1
2092,1,36,103229,817976,344.0,0,3,60,0,1
2093,0,50,105265,1468006,613.0,0,2,24,2,1
2094,1,43,112718,528705,478.0,2,1,36,1,0
2095,0,48,75710,352619,717.0,1,0,36,0,1
2096,1,25,109876,656954,855.0,0,3,12,0,1
2097,0,40,45949,408766,377.0,0,2,36,1,0
2098,0,21,83136,157573,625.0,1,0,24,0,1
2099,0,50,126541,319152,656.0,0,1,12,1,1
2100,1,41,76842,360435,715.0,0,4,36,0,1
2101,1,40,41990,208477,814.0,0,4,36,1,1
2102,0,26,45109,1346717,513.0,0,2,60,0,0
2103,0,42,145356,348530,373.0,0,0,12,2,1
2104,1,38,143133,1250475,862.0,1,3,60,0,1
2105,0,28,16306,869472,878.0,0,0,60,0,1
2106,0,59,18849,390687,808.0,0,4,60,2,1
2107,1,52,27360,1065197,631.0,0,2,48,2,0
2108,0,53,126072,609603,392.0,0,1,60,2,1
2109,0,36,109767,1396652,818.0,0,0,24,2,1
2110,1,32,69330,464380,568.0,0,4,36,1,1
2111,1,58,66707,1230594,675.0,1,3,48,1,1
2112,1,54,33689,851125,303.0,0,2,60,0,0
2113,0,34,44084,339385,437.0,0,1,36,0,0
2114,1,56,55387,951626,530.0,0,0,12,0,1
2115,1,53,89816,145790,899.0,0,3,12,1,1
2116,1,43,17642,983044,592.5,2,1,36,0,0
2117,1,22,57137,646543,351.0,0,4,24,0,1
2118,1,41,77260,1270851,624.0,2,4,36,1,0
2119,1,22,63442,1360015,576.0,0,3,36,0,1
2120,0,47,118061,1109926,835.0,1,4,48,1,1
2121,0,29,149066,368953,785.0,0,2,12,1,1
2122,1,21,140844,151894,815.0,1,3,12,2,1
2123,1,31,114575,1458277,451.0,0,4,60,2,1
2124,1,23,16813,486048,782.0,0,0,36,1,1
2125,0,43,108027,329720,558.0,1,4,36,1,1
2126,0,46,138489,1181960,623.0,1,2,24,2,1
2127,0,24,99381,1098966,467.0,0,1,12,0,1
2128,0,38,70276,881868,609.0,0,1,24,0,1
2129,0,26,56243,456245,778.0,0,4,48,0,1
2130,0,55,75272,72490,355.0,1,1,60,1,1
2131,0,42,80618,882307,772.0,0,4,24,2,1
2132,0,35,16920,655108,595.0,0,2,12,0,0
2133,0,42,121121,1460235,760.0,1,1,48,2,1
2134,1,57,91872,321265,623.0,2,0,36,2,0
2135,1,32,96132,51539,440.0,1,4,48,1,1
2136,1,58,17093,1488122,561.0,1,1,24,0,0
2137,1,38,27905,362579,719.0,1,2,12,2,1
2138,0,55,136759,565584,540.0,0,2,24,1,1
2139,0,50,45981,113965,654.0,0,0,36,1,1
2140,1,44,88903,1471768,888.0,1,2,36,1,1
2141,0,50,85821,1430642,479.0,0,2,12,0,1
2142,1,34,124200,1196375,365.0,2,1,60,0,0
2143,0,26,97289,1192524,647.0,0,4,48,1,1
2144,1,23,131506,1241890,470.0,0,3,48,0,1
2145,0,36,93513,298099,773.0,2,2,36,0,1
2146,0,27,65516,1080065,833.0,1,2,24,2,1
2147,1,34,84212,845379,666.0,0,3,24,1,1
2148,0,29,148498,817610,406.0,1,2,60,1,1
2149,1,35,145970,776826,738.0,1,1,24,0,1
2150,1,41,105009,1354397,526.0,0,1,48,1,1
2151,1,55,59816,1409505,743.0,0,3,24,1,1
2152,1,22,19138,956395,741.0,1,2,60,1,1
2153,0,47,106176,1110194,695.0,2,2,48,0,1
2154,0,22,90945,386430,880.0,0,4,24,0,1
2155,0,55,19017,1376842,383.0,2,2,48,0,0
2156,1,38,25451,712714,850.0,2,1,36,2,0
2157,0,34,108863,660724,592.5,0,0,36,1,1
2158,1,40,25278,260448,792.0,1,0,36,2,1
2159,0,38,58764,1020278,567.0,0,0,24,0,1
2160,0,30,138030,545919,824.0,0,0,60,2,1
2161,0,45,147206,1234685,592.5,1,2,48,1,1
2162,1,22,77943,1127209,652.0,2,2,12,1,1
2163,0,45,110667,860927,356.0,1,4,36,0,1
2164,0,53,69318,900982,339.0,0,2,36,0,1
2165,1,56,118423,262456,635.0,0,0,12,2,1
2166,0,51,118998,1397203,472.0,0,3,12,0,1
2167,1,34,75128,425325,846.0,0,3,24,2,1
2168,0,21,36869,516589,558.0,0,1,48,1,0
2169,1,36,20039,346213,816.0,0,1,36,1,1
2170,1,23,127935,1237018,822.0,0,2,60,1,1
2171,0,55,25442,953275,416.0,1,3,24,1,0
2172,1,26,88788,1170523,483.0,0,0,24,1,1
2173,1,45,134729,220205,415.0,0,0,60,2,1
2174,1,33,42586,1194337,461.0,0,0,60,1,0
2175,1,54,68053,1474473,878.0,0,2,60,2,1
2176,1,28,101346,968196,842.0,0,2,12,1,1
2177,1,41,82087,1203276,886.0,0,4,36,2,1
2178,0,54,49397,1434704,536.0,2,0,12,2,0
2179,1,24,73671,623881,365.0,0,0,36,2,1
2180,1,45,131214,1068454,369.0,1,2,12,0,1
2181,1,35,81897,55209,746.0,2,2,48,2,1
2182,0,24,29924,449749,715.0,1,4,36,2,1
2183,0,32,128143,1367931,831.0,0,4,24,1,1
2184,0,52,125253,1108503,740.0,2,1,36,2,1
2185,0,52,115297,691621,763.0,0,3,36,2,1
2186,0,48,15869,1254242,695.0,0,0,36,0,1
2187,0,33,112088,780212,850.0,2,0,48,1,1
2188,1,51,16014,1307361,856.0,1,4,12,0,0
2189,1,34,25103,388526,694.0,0,4,24,0,1
2190,0,40,125317,189005,625.0,0,1,12,0,1
2191,1,38,97409,1079661,390.0,0,3,12,2,1
2192,1,49,38248,246521,369.0,0,1,60,0,0
2193,1,26,23024,1428336,465.0,0,3,48,0,0
2194,0,52,100947,973593,513.0,2,0,60,1,0
2195,1,49,106829,499764,634.0,2,1,48,1,0
2196,1,22,107708,1255771,668.0,2,4,12,1,1
2197,0,43,101664,1499589,883.0,0,1,12,1,1
2198,1,39,100178,1148589,348.0,1,1,48,0,1
2199,1,51,116121,451562,351.0,2,0,12,1,0
2200,1,25,35025,266486,588.0,2,4,12,2,0
2201,1,39,78610,476888,538.0,0,4,24,0,1
2202,0,54,85843,885988,432.0,0,2,60,1,1
2203,0,30,122237,960155,465.0,0,2,60,0,1
2204,0,45,145299,600428,673.0,0,2,60,1,1
2205,1,22,20668,313328,672.0,1,0,36,0,1
2206,0,31,88233,161361,777.0,1,1,24,1,1
2207,1,51,96982,842038,778.0,0,4,60,2,1
2208,0,35,121133,447172,890.0,0,4,60,1,1
2209,1,29,25751,1115131,599.0,0,1,24,0,0
2210,1,43,61218,664673,381.0,0,4,12,0,1
2211,1,39,141649,1419222,386.0,0,1,60,2,1
2212,0,29,22352,305658,524.0,1,0,12,0,0
2213,0,55,103835,804085,315.0,0,0,60,2,1
2214,0,41,112493,153844,657.0,1,0,48,0,1
2215,0,29,43927,1189897,462.0,0,1,36,0,0
2216,1,48,116948,885488,813.0,0,1,60,2,1
2217,0,27,44493,148234,649.0,0,3,48,0,0
2218,0,36,46707,524718,763.0,2,4,24,0,0
2219,1,36,50842,801993,674.0,0,4,48,2,1
2220,1,53,28261,1048922,391.0,1,3,24,1,0
2221,1,24,91709,775571,480.0,0,3,60,2,1
2222,0,24,110985,878282,600.0,2,0,24,0,0
2223,1,59,121616,521761,488.0,1,3,48,1,1
2224,1,37,82173,1388563,613.0,0,1,36,1,1
2225,1,57,46781,374464,792.0,1,2,12,1,1
2226,0,59,28652,604081,427.0,0,1,12,2,0
2227,1,49,20103,1071911,818.0,2,3,36,1,0
2228,0,56,40500,1118203,725.0,0,4,12,1,0
2229,0,58,115336,1422542,858.0,0,1,60,1,1
2230,1,59,128499,527317,864.0,1,4,60,0,1
2231,1,57,64393,1321209,486.0,1,1,48,2,1
2232,0,55,62406,1019752,849.0,0,4,48,2,1
2233,1,27,78059,367942,752.0,1,1,24,0,1
2234,1,47,97722,387462,770.0,0,4,48,1,1
2235,0,48,27356,1464906,864.0,0,2,60,0,1
2236,0,42,143128,400046,523.0,1,0,48,0,1
2237,1,34,17187,471773,453.0,0,1,12,1,0
2238,0,27,92243,383478,859.0,0,2,24,1,1
2239,1,57,50098,518379,650.0,1,0,24,2,1
2240,1,42,149678,418863,446.0,0,1,60,1,1
2241,1,25,72620,1221675,875.0,1,2,48,0,1
2242,0,22,141270,783362,648.0,0,2,12,0,1
2243,1,47,29387,747974,481.0,0,2,48,1,0
2244,1,41,84463,1373440,478.0,0,3,36,2,1
2245,1,58,148663,1418328,338.0,1,4,48,0,1
2246,0,35,106683,157449,302.0,1,0,60,1,1
2247,0,41,77061,1201404,363.0,0,4,48,2,1
2248,0,30,96257,1225189,328.0,0,4,24,2,1
2249,0,43,76753,122095,671.0,2,4,12,0,1
2250,0,59,99774,680212,822.0,0,2,60,0,1
2251,1,25,38408,670740,396.0,2,4,36,2,0
2252,0,21,139116,137593,741.0,0,3,12,2,1
2253,0,33,146208,741252,502.0,1,1,12,2,1
2254,0,41,32413,1437962,710.0,0,2,24,1,1
2255,1,46,128650,952473,320.0,2,0,24,0,0
2256,0,41,74500,176202,850.0,1,1,24,2,1
2257,0,38,99514,127606,401.0,0,1,60,0,1
2258,1,57,71358,1222345,345.0,0,1,48,0,1
2259,0,52,81197,168542,365.0,1,4,12,0,1
2260,1,56,91240,1467158,463.0,1,4,48,2,1
2261,1,37,31322,625610,410.0,0,2,48,1,0
2262,1,55,128053,1256126,637.0,0,4,24,2,1
2263,1,31,21968,505433,422.0,1,4,48,0,0
2264,1,41,42518,674987,746.0,0,4,12,2,1
2265,0,46,66925,140140,590.0,1,2,12,2,1
2266,1,24,126900,1497307,711.0,0,2,36,0,1
2267,1,54,108422,1478078,580.0,2,3,60,0,0
2268,0,38,16700,1396853,342.0,2,3,48,2,0
2269,1,55,108782,1196204,785.0,2,3,60,2,1
2270,0,49,38199,1183634,895.0,0,3,60,2,0
2271,0,49,20520,531799,350.0,2,1,60,2,0
2272,0,58,124814,1250118,509.0,0,1,60,1,1
2273,1,41,138364,1403849,425.0,0,3,12,2,1
2274,1,33,29955,1369251,791.0,0,3,48,1,0
2275,1,37,79925,1397758,592.5,0,0,36,0,1
2276,0,29,122216,1448659,880.0,2,1,60,1,1
2277,1,21,85269,92674,557.0,0,0,36,0,1
2278,1,22,56458,177572,487.0,1,0,12,1,1
2279,1,49,104037,341975,529.0,1,4,12,0,1
2280,0,53,114977,631462,488.0,1,2,24,2,1
2281,0,30,58939,481436,714.0,0,1,60,1,1
2282,1,41,44345,495935,309.0,0,3,24,1,0
2283,1,48,125107,830296,413.0,1,3,36,0,1
2284,1,31,136866,1151627,375.0,0,2,48,0,1
2285,1,54,84166,1301661,801.0,0,1,24,1,1
2286,0,28,112406,1417372,384.0,0,3,12,0,1
2287,0,42,64298,1164100,348.0,0,3,60,2,1
2288,0,28,59942,318614,794.0,2,4,36,1,1
2289,0,35,18453,567733,686.0,0,0,12,2,1
2290,1,37,117811,365617,688.0,0,3,48,1,1
2291,1,43,69935,987384,517.0,0,1,60,2,1
2292,1,44,137439,1143015,645.0,0,2,48,1,1
2293,0,39,23328,326452,529.0,0,4,48,0,0
2294,1,25,30534,141563,554.0,0,1,60,1,0
2295,0,52,100280,801616,592.5,0,4,60,2,1
2296,0,21,51320,1395801,325.0,1,0,48,1,0
2297,1,43,64170,780602,883.0,0,3,36,2,1
2298,1,57,115546,809495,560.0,0,1,60,2,1
2299,1,28,95201,1019655,570.0,0,2,12,2,1
2300,0,33,23640,217896,422.0,0,0,24,0,0
2301,1,28,147992,671912,556.0,2,0,36,1,0
2302,0,43,58937,469515,720.0,0,4,60,2,1
2303,1,21,85463,1067497,558.0,0,0,60,0,1
2304,0,44,108500,80063,346.0,0,1,36,2,1
2305,0,55,52158,1089272,824.0,2,4,24,1,1
2306,1,44,99607,304371,507.0,0,0,48,0,1
2307,0,37,134639,1035976,610.0,1,2,12,2,1
2308,0,25,86696,152166,448.0,0,1,60,2,1
2309,1,40,76510,1113082,737.0,2,2,24,2,1
2310,0,41,135076,1323989,454.0,2,2,12,1,0
2311,1,51,73692,1047358,389.0,0,4,36,0,1
2312,0,56,145841,1212180,657.0,0,3,60,0,1
2313,1,31,30810,1124602,473.0,0,4,48,0,0
2314,1,35,126718,470888,516.0,0,1,36,2,1
2315,0,39,105932,1413133,755.0,0,1,60,0,1
2316,0,27,15192,1353692,498.0,0,4,24,2,0
2317,0,48,51413,1425786,785.0,0,3,12,1,1
2318,0,25,54082,240285,832.0,0,4,12,0,1
2319,0,25,80048,1149547,499.0,0,1,60,2,1
2320,1,50,138130,470497,670.0,0,3,36,0,1
2321,0,52,65940,163978,747.0,0,1,48,0,1
2322,1,28,55142,1257739,547.0,2,3,24,1,0
2323,1,30,51468,153864,563.0,0,3,60,0,1
2324,0,58,144048,1081259,357.0,1,4,24,1,1
2325,1,52,57056,986114,601.0,0,4,12,0,1
2326,1,48,66831,444295,330.0,0,4,48,0,1
2327,1,37,74191,669674,797.0,0,3,24,0,1
2328,1,51,136948,498648,548.0,0,3,60,0,1
2329,0,28,123117,655151,570.0,1,1,48,0,1
2330,1,45,29671,390435,693.0,1,2,36,0,1
2331,0,29,42048,175659,801.0,0,4,60,1,1
2332,0,22,40963,1105811,891.0,2,1,24,1,0
2333,1,35,58954,1443453,383.0,0,1,48,2,1
2334,0,23,110430,1161288,664.0,2,0,60,0,1
2335,0,56,15717,1251121,848.0,2,4,48,1,0
2336,0,24,26676,812178,641.0,0,1,48,0,0
2337,1,34,133696,175849,706.0,0,0,48,0,1
2338,1,45,145830,1074903,724.0,0,4,24,1,1
2339,0,30,19994,305493,392.0,1,3,60,0,0
2340,0,41,19234,654111,711.0,0,0,12,1,1
2341,1,56,84300,1202791,731.0,2,3,12,1,1
2342,0,32,58949,82230,458.0,1,2,24,2,1
2343,1,47,52405,396717,313.0,0,2,24,2,1
2344,1,22,49872,797948,672.0,0,2,48,2,1
2345,1,33,57215,512092,524.0,1,2,60,2,1
2346,1,52,38185,352788,804.0,0,1,60,0,1
2347,1,51,56153,1278312,592.5,1,2,36,0,1
2348,1,36,92535,881635,548.0,0,1,36,2,1
2349,0,52,148653,1427397,810.0,0,1,12,1,1
2350,1,52,66717,697534,515.0,0,4,36,1,1
2351,0,54,17763,1183393,840.0,1,1,36,1,1
2352,0,31,107910,1337233,519.0,0,1,12,1,1
2353,1,30,70480,1315609,520.0,1,2,12,0,1
2354,0,35,133094,281414,688.0,0,1,36,1,1
2355,0,37,26064,306812,853.0,1,3,60,1,1
2356,0,38,91848,354958,341.0,0,2,36,2,1
2357,0,29,52548,220956,582.0,0,0,48,1,1
2358,1,45,21476,1456065,357.0,1,2,48,0,0
2359,0,34,105101,1355710,836.0,0,1,48,1,1
2360,1,45,17382,1460808,372.0,0,3,24,1,0
2361,0,42,94698,905754,428.0,0,2,48,0,1
2362,0,50,60095,71650,898.0,1,3,60,2,1
2363,1,40,144974,1454962,725.0,2,0,24,0,1
2364,0,41,42197,976694,424.0,0,0,24,2,0
2365,0,52,142619,1269097,366.0,0,4,48,1,1
2366,0,41,37010,1269309,305.0,1,4,36,2,0
2367,1,55,102923,866141,613.0,0,2,12,2,1
2368,0,52,148962,292037,625.0,2,4,36,2,0
2369,1,50,145526,1179004,864.0,0,3,36,1,1
2370,0,59,124162,256251,877.0,2,4,24,2,1
2371,1,32,135927,584231,805.0,1,3,24,2,1
2372,1,38,23026,71042,381.0,1,4,24,1,0
2373,0,41,79925,880326,898.0,1,4,60,0,1
2374,0,33,83842,1028582,301.0,0,4,60,0,1
2375,1,41,48665,368903,503.0,0,1,12,0,0
2376,1,28,24277,1466693,703.0,0,1,24,1,1
2377,0,27,63008,944801,402.0,1,4,48,1,1
2378,1,43,29683,864811,835.0,1,3,24,0,0
2379,0,52,146742,432811,667.0,2,2,60,2,1
2380,1,31,93542,551691,511.0,0,0,24,0,1
2381,0,42,69319,1058314,876.0,0,1,60,1,1
2382,0,42,107067,264304,508.0,0,4,24,2,1
2383,1,45,83975,446178,416.0,1,0,48,2,1
2384,0,42,116158,488963,777.0,0,1,12,1,1
2385,1,48,26577,961612,404.0,0,2,48,2,0
2386,0,49,92299,364493,794.0,1,3,60,0,1
2387,1,33,35176,251904,592.5,0,4,36,1,0
2388,0,38,78972,761716,630.0,0,2,48,1,1
2389,1,22,135018,720105,515.0,0,1,24,1,1
2390,1,49,34996,55730,592.5,1,4,12,1,1
2391,0,41,115922,1300786,748.0,0,0,24,2,1
2392,0,35,101598,788471,835.0,1,3,24,1,1
2393,0,47,50931,1117599,810.0,0,1,48,1,1
2394,0,51,139168,395430,757.0,2,3,12,2,1
2395,1,35,138099,878411,846.0,0,4,36,1,1
2396,0,43,49693,458213,835.0,0,2,24,2,1
2397,1,44,123944,750399,839.0,1,3,12,2,1
2398,1,33,32374,70923,783.0,1,0,36,1,1
2399,0,42,96471,897405,315.0,0,1,24,0,1
2400,1,57,60913,1494679,870.0,1,0,12,1,1
2401,1,53,138683,244795,542.0,0,3,48,0,1
2402,1,23,59516,878854,506.0,2,2,24,2,0
2403,1,39,102796,283462,570.0,1,2,24,0,1
2404,0,43,41069,101413,414.0,0,0,12,1,0
2405,0,49,133333,938916,879.0,1,4,24,1,1
2406,0,50,99811,1354295,598.0,0,4,36,0,1
2407,0,59,133028,603044,782.0,0,2,24,1,1
2408,1,45,54178,1432296,696.0,2,0,60,0,1
2409,1,57,47821,1371024,693.0,1,0,36,2,1
2410,0,28,31999,460226,374.0,0,0,12,0,0
2411,0,36,53712,1225615,781.0,0,3,36,0,1
2412,0,28,48722,230074,402.0,0,4,60,0,0
2413,1,21,25625,706735,596.0,2,4,60,0,0
2414,0,25,21859,858524,477.0,0,3,24,2,0
2415,0,23,125986,181562,514.0,0,1,24,2,1
2416,0,21,36839,1102305,614.0,0,3,48,2,0
2417,1,24,42216,692510,338.0,0,0,36,0,0
2418,1,55,67953,1445936,558.0,0,3,48,2,1
2419,1,52,64522,658148,306.0,0,0,60,1,1
2420,1,54,126249,308360,348.0,0,2,24,2,1
2421,1,45,22485,409014,837.0,0,0,24,0,1
2422,1,30,127701,1119974,460.0,2,4,24,1,0
2423,1,41,117638,346794,475.0,0,3,12,0,1
2424,1,59,27226,678177,890.0,1,0,60,1,1
2425,0,47,108405,1363879,301.0,1,1,24,0,1
2426,0,47,37588,410306,754.0,1,2,60,0,1
2427,1,22,52019,1324535,575.0,2,1,24,1,0
2428,1,33,80133,677122,797.0,0,1,36,2,1
2429,0,29,129444,568490,327.0,0,1,60,1,1
2430,1,56,132603,603608,632.0,0,2,48,1,1
2431,1,42,143585,513092,300.0,0,2,12,1,1
2432,1,46,58395,84924,487.0,1,2,48,1,1
2433,0,32,140814,1311368,355.0,1,2,60,1,1
2434,0,37,127599,745385,846.0,2,1,24,0,1
2435,0,34,40939,1100735,411.0,0,4,60,0,0
2436,0,34,15203,623228,609.0,2,4,12,2,0
2437,0,54,44063,520192,335.0,0,2,60,2,0
2438,1,40,105880,490420,738.0,0,3,24,1,1
2439,0,31,18748,712132,891.0,0,0,48,2,1
2440,1,36,132269,815328,592.5,1,3,36,2,1
2441,1,51,95764,779115,876.0,0,3,48,1,1
2442,0,26,123036,204536,624.0,2,3,24,0,0
2443,1,39,131525,625425,606.0,2,4,24,0,0
2444,1,57,100679,473448,833.0,2,0,12,2,1
2445,1,24,140829,897929,408.0,0,3,60,0,1
2446,1,24,143216,551233,671.0,2,2,60,0,1
2447,0,40,148175,674773,656.0,1,4,48,2,1
2448,0,30,80901,1339546,480.0,0,2,36,1,1
2449,0,44,113046,1052021,655.0,0,2,36,2,1
2450,0,55,105012,50901,367.0,0,3,12,2,1
2451,0,46,93278,137980,591.0,0,2,24,2,1
2452,1,57,27391,1468314,480.0,0,0,12,1,0
2453,0,58,117476,839313,765.0,2,2,60,1,1
2454,1,41,135721,342007,733.0,0,3,24,1,1
2455,1,59,112537,816722,763.0,0,2,12,1,1
2456,1,41,96159,448838,833.0,2,4,48,2,1
2457,0,30,146040,565956,365.0,0,4,60,0,1
2458,0,58,50503,537063,320.0,2,4,36,2,0
2459,0,24,90403,776546,683.0,0,1,12,1,1
2460,1,40,79286,881633,858.0,0,4,60,0,1
2461,1,37,89842,301839,338.0,0,4,60,2,1
2462,1,27,119927,1075264,584.0,0,1,36,0,1
2463,1,24,29908,1419971,896.0,0,4,36,1,0
2464,1,49,52228,646860,635.0,1,3,36,0,1
2465,1,34,38386,886642,487.0,0,4,12,0,0
2466,0,23,43302,437773,542.0,2,4,36,1,0
2467,0,44,75815,72499,372.0,0,1,48,0,1
2468,0,57,78344,676840,778.0,0,3,60,2,1
2469,0,36,126603,494844,860.0,1,2,36,0,1
2470,1,24,76114,1496395,400.0,0,0,60,2,1
2471,1,44,40525,536525,813.0,1,3,24,0,1
2472,0,54,94818,921905,475.0,2,2,24,0,0
2473,1,50,129589,193704,537.0,1,3,36,1,1
2474,0,38,109715,735967,358.0,0,2,60,1,1
2475,0,39,21644,1190449,398.0,0,2,24,2,0
2476,0,51,116154,115756,794.0,1,3,36,1,1
2477,1,39,58469,490210,813.0,1,1,60,1,1
2478,0,39,121609,1293030,596.0,0,3,36,1,1
2479,0,42,80206,1417064,510.0,0,3,60,1,1
2480,0,44,111462,1499141,422.0,0,2,24,1,1
2481,1,32,98178,1220473,528.0,0,0,36,2,1
2482,1,50,101724,570082,893.0,0,2,24,2,1
2483,0,58,111393,349488,687.0,0,4,36,1,1
2484,1,51,142314,1093361,439.0,1,3,12,1,1
2485,1,56,91312,133791,840.0,2,3,24,2,1
2486,1,39,90324,753335,690.0,1,1,24,0,1
2487,1,56,86196,1231110,569.0,0,2,48,2,1
2488,1,50,85014,1180017,311.0,0,1,24,0,1
2489,1,53,48340,1336188,688.0,2,3,60,1,0
2490,1,38,54850,483797,636.0,2,2,36,1,0
2491,1,48,128711,1330020,805.0,2,2,12,2,1
2492,1,31,26094,1038793,405.0,1,4,60,1,0
2493,1,53,102959,850607,331.0,0,4,60,0,1
2494,0,37,20741,187263,373.0,1,0,60,0,0
2495,1,26,126585,395578,470.0,0,4,60,2,1
2496,1,24,137564,952153,368.0,0,2,12,0,1
2497,0,40,83798,97645,661.0,1,4,48,2,1
2498,0,47,131026,289608,732.0,0,0,24,2,1
2499,1,35,125130,597571,592.5,0,3,60,0,1
2500,1,26,37164,399115,308.0,0,4,24,0,0
